review,sentiment
"The product is very durable and well made, I'm sure it will last for a long time.",Positive
"It's not the best, it's not the worst, it's just a middle-of-the-road product.",Neutral
"The design is boring, but the product works as expected.",Neutral
"It's an okay product, but it's not something I would go out of my way to recommend.",Neutral
"It's a decent product for the price, but don't expect to be amazed.",Neutral
"This product has made a huge difference in my daily life, I'm so grateful to have it.",Positive
"The instructions were clear, but the product itself is nothing special.",Neutral
"The price is reasonable, but the quality is not exceptional.",Neutral
"I've had no major issues with this product, but it's not impressive either.",Neutral
"It's a decent product, but it's not worth raving about.",Neutral
"The shipping took forever, and when I finally got the product, it was damaged.",Negative
"I was really looking forward to trying the new wireless earbuds from X500, but unfortunately, they've been a huge disappointment. The sound quality is subpar, with a lot of static and distortion, especially when listening to music with deep bass. The battery life is also not as long as advertised, I get around 4 hours of playback time instead of the promised 8 hours. The design is sleek, but the earbuds are not comfortable to wear for extended periods and often slip out of my ears. For the price, I expected a lot more quality and performance. Sadly, I would not recommend these earbuds to anyone.",Negative
"It's a product that exists, and it does its job, but it's not memorable.",Neutral
"The company really stands behind their products, it's clear that they care about their customers.",Positive
"I was a bit skeptical at first, but this product has really impressed me.",Positive
"The instructor was boring and unengaging, I fell asleep during the lecture.",Negative
"The quality is average, the design is nothing special, but it gets the job done.",Neutral
"It's an okay product, but it's not something I would recommend or warn against.",Neutral
"The material of this shirt is cheap and uncomfortable, I wouldn't recommend it to anyone.",Negative
"This product is not user-friendly, the instructions are confusing and unclear.",Negative
"I'm so happy with this purchase, it's exactly what I needed.",Positive
"I've had this product for a few months, and it's already broken, the quality is terrible.",Negative
"The features are basic, but they work as intended.",Neutral
"I've seen better products, but I've also seen worse.",Neutral
"The delivery was fast and the product was well protected, great job!",Positive
"The customer service was amazing, they helped me with all my questions and concerns.",Positive
"The company's return policy is strict and unfair, they make it difficult to return a product.",Negative
"The company's customer service is unhelpful and unresponsive, they don't care about their customers.",Negative
"I'm so glad I took the chance and bought this product, it's been a game changer for me.",Positive
"This product is okay, it does what it's supposed to do, but it's not particularly impressive.",Neutral
"This product has exceeded all my expectations, it's truly amazing.",Positive
"The company's return policy is ridiculous, they make it impossible to get a refund.",Negative
"The customer service I received was completely unhelpful and rude, will not be shopping here again.",Negative
"This game is glitchy and freezes all the time, I demand a refund.",Negative
"The material of this bag is flimsy and cheap, it's not durable at all.",Negative
"I've been using this product for a few weeks now and I'm so impressed with its ease of use and versatility. The design is sleek and modern, and the features are incredibly intuitive. The customer support team is also very responsive and helpful. Overall, I'm extremely satisfied with my purchase and I would definitely buy from this brand again.",Positive
"The company's refund policy is unfair, they make it difficult to get your money back.",Negative
This product is a must have for anyone who wants to make their life easier.,Positive
"The company's website is outdated and difficult to navigate, I had trouble placing an order.",Negative
I recently purchased this product and I'm absolutely thrilled with its performance. The quality is top-notch and it has exceeded my expectations in every way. I would highly recommend it to anyone looking for a reliable and efficient solution.,Positive
"This product is not suitable for my needs, I wish I had read the reviews before buying.",Negative
"This product is a waste of money, it doesn't do what it's supposed to do.",Negative
"I've had a bad experience with this company before, and it seems like they haven't changed.",Negative
"I've already ordered another one of these products, I'm that happy with it!",Positive
"The company's social media team is unresponsive, they don't care about their customers' concerns.",Negative
"I'm disappointed with the lack of updates and support for this product, it's like they abandoned it.",Negative
"The product is very easy to clean and maintain, which is a big plus for me.",Positive
"I'm extremely disappointed with the quality of this product, it broke after only a few uses.",Negative
"I'm not sure if I would buy this again, it's just an average product.",Neutral
"The design is basic, but the product works as expected.",Neutral
"I've tried a lot of similar products, but this one is the best by far.",Positive
"I've tried similar products before, but this one is by far the best.",Positive
"The hotel staff was unfriendly and unaccommodating, they made our stay uncomfortable.",Negative
"The packaging was nice, but the product inside was just average.",Neutral
"I've been looking for a product like this for ages, and I'm so glad I finally found it.",Positive
"The instructor was unqualified and unhelpful, I didn't learn anything from the course.",Negative
"I've been using this product for a while now, and I think it's average. It has some nice features, but also some drawbacks that prevent me from fully enjoying it.",Neutral
"This phone case is supposed to be waterproof, but my phone got damaged when I dropped it in the water.",Negative
"This is the best purchase I've made in a long time, it's exceeded all my expectations!",Positive
"I've been using this for a while, and it's been fine, but not great.",Neutral
"The hotel room was noisy and had a bad smell, I didn't get a good night's sleep.",Negative
"I'm disappointed with the lack of features and updates for this product, it's like they're not trying to improve it.",Negative
"The product is very intuitive, I was able to use it right away without any problems.",Positive
"This product is not as described, the picture shows a completely different item.",Negative
"I've already bought several of these products, they're that good!",Positive
"I've recommended this product to all my friends and family, it's that good!",Positive
"The company's website is slow and unresponsive, it's frustrating to use.",Negative
"The company really cares about their customers, it shows in the quality of their products.",Positive
"The food was cold and tasted terrible, I sent it back to the kitchen.",Negative
"The price was very reasonable, especially considering the high quality of the product.",Positive
"I've never been disappointed with a purchase from this company, they always deliver.",Positive
"I've been trying to get a refund for weeks, but the company is ignoring my emails and calls.",Negative
"The hotel room was dirty and smelled like smoke, even though I specifically asked for a non-smoking room.",Negative
"This product has made my life so much easier, I don't know what I'd do without it!",Positive
"I'm so frustrated with this company, they keep charging me for a subscription I cancelled months ago.",Negative
"It's a product that I use, but I don't have any strong feelings about it.",Neutral
"The instructions were clear, but the product itself is nothing special.",Neutral
"I was expecting more from this product, but it's just decent. The price is reasonable, but the performance is nothing special, so I'm neither satisfied nor dissatisfied with my purchase.",Neutral
"The quality is decent, but it's not worth going out of your way for.",Neutral
"The product is very versatile, I've used it for so many different things.",Positive
"The customer service was helpful, but the product itself is just okay.",Neutral
"The food at this restaurant was overpriced and tasted horrible, would not recommend.",Negative
"The customer support was helpful, but the product is just average.",Neutral
"I'm so impressed with the attention to detail, it's clear that the company cares about their products.",Positive
"I love this product, it's so easy to use and the quality is top notch!",Positive
"The features are basic, but they work as intended, I guess.",Neutral
"It's a basic product that does its job, but it's not memorable.",Neutral
"I'm extremely disappointed with the lack of features in this software, it's not worth the price.",Negative
"I've had no major issues with this product, but it's not impressive.",Neutral
"I was expecting a high-quality product, but what I got was a cheap knockoff.",Negative
"The packaging was nice, but the product inside was just okay.",Neutral
"I'm not disappointed, but I'm not excited about this product either.",Neutral
"I was expecting more features, but it's a basic product that works as expected.",Neutral
"I've seen better, I've seen worse, this product is just in the middle.",Neutral
"The company's customer service is top notch, they're always helpful and friendly.",Positive
"This product is not compatible with my device, I wish I had checked before buying.",Negative
"The price is fair, but the product itself is just okay.",Neutral
"The material of this product is cheap and flimsy, it's not durable at all.",Negative
"This product is overpriced and overhyped, it's not worth the money.",Negative
"The instructions were very clear and easy to understand, I had no problems with setup.",Positive
"The product is very sturdy and well built, I'm sure it will last for years to come.",Positive
"I'm not disappointed, but I'm not excited about this product.",Neutral
"This product is okay, it does what it's supposed to do, but it's not particularly impressive or disappointing in any way.",Neutral
I've been using this product for a week now and I can already see the difference it's made.,Positive
"The customer support team is unresponsive and unhelpful, they don't care about their customers.",Negative
"This product is not worth the money, it's overpriced and underperforming.",Negative
"The instructions were clear and easy to follow, I had no problems setting it up.",Positive
"I'm unhappy with the quality of the pictures taken by this camera, they're blurry and low-quality.",Negative
"I'm neutral about this product, it's just something that exists.",Neutral
"I've had this for a month, and it's been working fine, but I don't have any strong feelings about it.",Neutral
"The design is sleek and modern, it looks great in my home.",Positive
"I recently purchased this product and had mixed feelings about it. The quality is good, but the design could be improved.",Neutral
"The value for money is excellent, I feel like I've gotten a great deal.",Positive
"I've recommended this product to everyone I know, it's that good!",Positive
"I'm so impressed with the quality of this product, it's far exceeded my expectations.",Positive
"I'm so happy with this purchase, it's one of the best decisions I've ever made.",Positive
"I'm neutral about this product, it's not good or bad, just meh.",Neutral
"The packaging was beautiful and the product itself is stunning, I'm so impressed!",Positive
"I've never written a review before, but this product deserves it, it's amazing!",Positive
"I've been using this for a few weeks now, and it's been decent, but I'm not blown away by its performance.",Neutral
